{"model_baseentity_java": {"x": -423.8985166347042, "y": -266.3974250304436}, "model_namedentity_java": {"x": 263.7894182911005, "y": 185.02930630808146}, "model_package_info_java": {"x": 202.9209633933948, "y": 7.7274060945357}, "model_person_java": {"x": -716.1282625335728, "y": 221.6981443853378}, "owner_owner_java": {"x": 141.03207869016683, "y": 136.44757646540867}, "owner_ownercontroller_java": {"x": -975.3789622507156, "y": -81.72265693465579}, "owner_ownerrepository_java": {"x": -764.4926829405684, "y": -377.71273756274036}, "owner_package_info_java": {"x": 194.94599797484227, "y": 26.746363000640198}, "owner_pet_java": {"x": 674.4225916114377, "y": 74.54879257745432}, "owner_petcontroller_java": {"x": 178.02850036261697, "y": -303.7597389129471}, "owner_pettype_java": {"x": 841.656971078394, "y": 170.70135823787373}, "owner_pettypeformatter_java": {"x": 936.2006493739228, "y": -74.87208685660359}, "owner_pettyperepository_java": {"x": 742.6892211670055, "y": -434.36075045931653}, "owner_petvalidator_java": {"x": 784.1221723461141, "y": -186.55298971685363}, "owner_visit_java": {"x": -230.48065451322094, "y": 302.37671313789104}, "owner_visitcontroller_java": {"x": -138.05350349620545, "y": -431.6938278835124}, "package_info_java": {"x": 159.58231051564076, "y": 57.49312323219171}, "petclinicapplication_java": {"x": 155.56578666457082, "y": 111.9899637500698}, "petclinicruntimehints_java": {"x": 16.76609215527725, "y": 279.8037645215338}, "system_cacheconfiguration_java": {"x": 80.28006862803535, "y": 118.12326131286886}, "system_crashcontroller_java": {"x": 122.82436551840196, "y": 121.26670402918576}, "system_package_info_java": {"x": 129.76522812478112, "y": 71.32348962534854}, "system_webconfiguration_java": {"x": 13.20871976029833, "y": 104.66065759107514}, "system_welcomecontroller_java": {"x": 92.07944284190391, "y": 129.07479218178366}, "vet_package_info_java": {"x": 109.04074074217196, "y": 78.16022982856326}, "vet_specialty_java": {"x": 733.2434261413146, "y": 233.97529382590105}, "vet_vet_java": {"x": 404.6487370529653, "y": 198.04917545380147}, "vet_vetcontroller_java": {"x": 19.883190118562045, "y": -162.7021104523001}, "vet_vetrepository_java": {"x": 485.32782756954623, "y": 276.7255459125919}, "vet_vets_java": {"x": -530.73717895166, "y": 90.53238322798067}, "model_baseentity_baseentity": {"x": -286.50801020984005, "y": -159.32050922412643}, "model_namedentity_namedentity": {"x": 63.364583754105034, "y": 110.5745395204096}, "model_person_person": {"x": -467.6405005287535, "y": 200.41765454868542}, "owner_owner_owner": {"x": -50.44188612417616, "y": 77.50377569044744}, "owner_ownercontroller_ownercontroller": {"x": -743.7246492997848, "y": -66.61878858687336}, "owner_ownerrepository_ownerrepository": {"x": -612.6198785038366, "y": -288.45994134427133}, "owner_pet_pet": {"x": 522.801691528155, "y": 16.926417632068752}, "owner_petcontroller_petcontroller": {"x": 55.45437614787638, "y": -196.8418251071904}, "owner_pettype_pettype": {"x": 872.8269311044018, "y": 123.1630072000899}, "owner_pettypeformatter_pettypeformatter": {"x": 673.7483337738428, "y": -93.91145854671724}, "owner_pettyperepository_pettyperepository": {"x": 603.4876650586166, "y": -349.05364361853964}, "owner_petvalidator_petvalidator": {"x": 518.9698010624821, "y": -177.9462955588175}, "owner_visit_visit": {"x": -281.9028751626252, "y": 346.4549240622277}, "owner_visitcontroller_visitcontroller": {"x": -212.33338172181993, "y": -323.07625705619995}, "petclinic_petclinicapplication_petclinicapplication": {"x": 65.1524334679436, "y": 29.182677457207163}, "petclinic_petclinicruntimehints_petclinicruntimehints": {"x": 108.41903409527086, "y": 387.84635280496985}, "system_cacheconfiguration_cacheconfiguration": {"x": 91.37873761333994, "y": 24.28108574374869}, "system_crashcontroller_crashcontroller": {"x": 58.33478602222947, "y": 33.59237119309313}, "system_webconfiguration_webconfiguration": {"x": 56.52659386062812, "y": 5.01303121723499}, "system_welcomecontroller_welcomecontroller": {"x": 52.499632712742184, "y": 38.3971134961645}, "vet_specialty_specialty": {"x": 809.9783836999918, "y": 200.56387414484666}, "vet_vet_vet": {"x": 332.1918069833702, "y": 270.29880107660387}, "vet_vetcontroller_vetcontroller": {"x": 148.27711844224638, "y": -73.9267683547857}, "vet_vetrepository_vetrepository": {"x": 363.2065274012092, "y": 200.06948890068145}, "vet_vets_vets": {"x": -327.71189033295485, "y": 68.6256614107861}, "serializable": {"x": -309.6642115210297, "y": -286.2440478861063}, "baseentity": {"x": -173.9058447682921, "y": 227.67806842433168}, "person": {"x": 147.7263883836663, "y": 193.3686620526651}, "namedentity": {"x": 606.6448161098051, "y": 138.93301764656727}, "validator": {"x": 727.7246752595748, "y": -242.38142332465648}, "runtimehintsregistrar": {"x": -6.25162761533278, "y": 377.04512306415205}, "webmvcconfigurer": {"x": -132.78023268001485, "y": 54.38029490355391}, "model_baseentity_baseentity_getid": {"x": -251.46732012146094, "y": -64.48606308807419}, "model_baseentity_baseentity_setid": {"x": -515.6932467616698, "y": -188.9716988881779}, "model_baseentity_baseentity_isnew": {"x": -81.72925171504413, "y": -92.12575546751486}, "model_namedentity_namedentity_getname": {"x": 155.4905427854561, "y": -26.561416008954577}, "model_namedentity_namedentity_setname": {"x": 31.721139590521183, "y": 33.81735499521857}, "model_namedentity_namedentity_tostring": {"x": 222.4353304126833, "y": 65.5172548772072}, "model_person_person_getfirstname": {"x": -421.8434878938427, "y": 125.93832858018634}, "model_person_person_setfirstname": {"x": -610.9220910596972, "y": 281.0777039425893}, "model_person_person_getlastname": {"x": -488.1455752261122, "y": 82.56623571610857}, "model_person_person_setlastname": {"x": -678.3463721600656, "y": 255.5930183091251}, "owner_owner_owner_getaddress": {"x": -244.18325709580716, "y": 149.2183248224945}, "owner_owner_owner_setaddress": {"x": 31.914408908218864, "y": 143.62379967226755}, "owner_owner_owner_getcity": {"x": -46.463901759830605, "y": 164.340137667302}, "owner_owner_owner_setcity": {"x": -134.01674778360626, "y": 167.6525645532771}, "owner_owner_owner_gettelephone": {"x": -173.5958611412567, "y": 131.8314823948696}, "owner_owner_owner_settelephone": {"x": -268.3401238759484, "y": 109.21800689742594}, "owner_owner_owner_getpets": {"x": -140.21290578845876, "y": 9.682102495576874}, "owner_owner_owner_addpet": {"x": 23.728612555837202, "y": -15.904356604862533}, "owner_owner_owner_getpet": {"x": -81.52161330861107, "y": -49.265554473738575}, "owner_owner_owner_tostring": {"x": -253.70705471674805, "y": 30.715606774545684}, "owner_owner_owner_addvisit": {"x": -96.70997908326505, "y": 21.063085949521525}, "owner_ownercontroller_ownercontroller_ownercontroller": {"x": -916.3276409652606, "y": 16.249742226141656}, "owner_ownercontroller_ownercontroller_setallowedfields": {"x": -953.013717407638, "y": -12.621215146111753}, "owner_ownercontroller_ownercontroller_findowner": {"x": -672.1004503782874, "y": -183.97764282003362}, "owner_ownercontroller_ownercontroller_initcreationform": {"x": -972.1620359309586, "y": -46.16836606345798}, "owner_ownercontroller_ownercontroller_processcreationform": {"x": -490.3870401463053, "y": -59.06106525176615}, "owner_ownercontroller_ownercontroller_initfindform": {"x": -961.5960403253118, "y": -116.93193256180622}, "owner_ownercontroller_ownercontroller_processfindform": {"x": -519.3124719549191, "y": -19.488758895644118}, "owner_ownercontroller_ownercontroller_addpaginationmodel": {"x": -711.0742799767153, "y": 8.756707056905675}, "owner_ownercontroller_ownercontroller_findpaginatedforownerslastname": {"x": -697.2897901526195, "y": -97.2378986750737}, "owner_ownercontroller_ownercontroller_initupdateownerform": {"x": -932.9769204660969, "y": -149.75324432637532}, "owner_ownercontroller_ownercontroller_processupdateownerform": {"x": -486.34903160448965, "y": -90.17679729058578},